2026-06-13T01:21:23Z	devstral2-120b	1	clap-rs__clap-5873	timeout-or-watchdog
2026-06-13T01:21:23Z	devstral2-120b	1	vuejs__core-11680	timeout-or-watchdog
2026-06-13T01:21:23Z	devstral2-120b	1	vuejs__core-11813	timeout-or-watchdog
2026-06-13T01:21:23Z	devstral2-120b	1	iamkun__dayjs-2532	timeout-or-watchdog
2026-06-13T01:21:23Z	devstral2-120b	1	facebook__zstd-3942	timeout-or-watchdog
2026-06-13T01:21:23Z	devstral2-120b	1	googlecontainertools__jib-4144	timeout-or-watchdog
2026-06-13T01:21:23Z	devstral2-120b	1	jqlang__jq-2840	timeout-or-watchdog
2026-06-13T01:21:23Z	devstral2-120b	1	ponylang__ponyc-4593	timeout-or-watchdog
2026-06-13T02:41:20Z	devstral2-120b	2	tokio-rs__tracing-2897	timeout-or-watchdog
2026-06-13T02:41:20Z	devstral2-120b	2	nushell__nushell-13870	timeout-or-watchdog
2026-06-13T02:41:20Z	devstral2-120b	2	iamkun__dayjs-2399	timeout-or-watchdog
2026-06-13T02:41:20Z	devstral2-120b	2	expressjs__express-5555	timeout-or-watchdog
2026-06-13T02:41:20Z	devstral2-120b	2	jqlang__jq-3238	timeout-or-watchdog
2026-06-13T02:41:20Z	devstral2-120b	2	facebook__zstd-3438	timeout-or-watchdog
2026-06-13T02:41:20Z	devstral2-120b	2	grpc__grpc-go-3258	timeout-or-watchdog
2026-06-13T02:41:20Z	devstral2-120b	2	elastic__logstash-17021	timeout-or-watchdog
2026-06-13T02:41:20Z	devstral2-120b	2	simdjson__simdjson-2178	timeout-or-watchdog
2026-06-13T02:41:20Z	devstral2-120b	2	rayon-rs__rayon-986	timeout-or-watchdog
2026-06-13T03:19:20Z	devstral2-120b	3	sharkdp__bat-3189	timeout-or-watchdog
2026-06-13T03:19:20Z	devstral2-120b	3	vuejs__core-11761	timeout-or-watchdog
2026-06-13T03:19:20Z	devstral2-120b	3	anuraghazra__github-readme-stats-2844	timeout-or-watchdog
2026-06-13T03:19:20Z	devstral2-120b	3	jqlang__jq-2919	timeout-or-watchdog
# --- df022 qwen3-coder-30b cascade launched 2026-06-13T07:49:55Z ---
2026-06-13T08:26:36Z	qwen3-coder-30b	1	clap-rs__clap-5873	run-timeout
2026-06-13T08:26:36Z	qwen3-coder-30b	1	sharkdp__bat-3189	run-timeout
2026-06-13T08:26:36Z	qwen3-coder-30b	1	nushell__nushell-13870	run-timeout
2026-06-13T08:26:36Z	qwen3-coder-30b	1	darkreader__darkreader-7241	run-timeout
2026-06-13T08:26:36Z	qwen3-coder-30b	1	vuejs__core-11694	run-timeout
2026-06-13T08:26:36Z	qwen3-coder-30b	1	vuejs__core-11761	run-timeout
2026-06-13T08:26:36Z	qwen3-coder-30b	1	vuejs__core-11813	run-timeout
2026-06-13T08:26:36Z	qwen3-coder-30b	1	iamkun__dayjs-2399	run-timeout
2026-06-13T08:26:36Z	qwen3-coder-30b	1	iamkun__dayjs-2532	run-timeout
2026-06-13T08:26:36Z	qwen3-coder-30b	1	expressjs__express-5555	run-timeout
2026-06-13T08:26:36Z	qwen3-coder-30b	1	sveltejs__svelte-15115	run-timeout
2026-06-13T08:26:36Z	qwen3-coder-30b	1	jqlang__jq-3238	run-timeout
2026-06-13T08:26:36Z	qwen3-coder-30b	1	jqlang__jq-2919	run-timeout
2026-06-13T08:26:36Z	qwen3-coder-30b	1	facebook__zstd-3438	run-timeout
2026-06-13T08:26:36Z	qwen3-coder-30b	1	zeromicro__go-zero-2787	run-timeout
2026-06-13T08:26:36Z	qwen3-coder-30b	1	grpc__grpc-go-3258	run-timeout
2026-06-13T08:26:36Z	qwen3-coder-30b	1	grpc__grpc-go-3351	run-timeout
2026-06-13T08:26:36Z	qwen3-coder-30b	1	googlecontainertools__jib-4144	run-timeout
2026-06-13T08:26:36Z	qwen3-coder-30b	1	simdjson__simdjson-2178	run-timeout
2026-06-13T08:26:36Z	qwen3-coder-30b	1	rayon-rs__rayon-986	run-timeout
2026-06-13T08:26:36Z	qwen3-coder-30b	1	jqlang__jq-2840	run-timeout
2026-06-13T08:26:36Z	qwen3-coder-30b	1	iamkun__dayjs-2420	run-timeout
2026-06-13T09:04:21Z	qwen3-coder-30b	2	tokio-rs__tracing-2897	run-timeout
2026-06-13T09:04:21Z	qwen3-coder-30b	2	sharkdp__fd-1394	run-timeout
2026-06-13T09:04:21Z	qwen3-coder-30b	2	vuejs__core-11680	run-timeout
2026-06-13T09:04:21Z	qwen3-coder-30b	2	anuraghazra__github-readme-stats-2844	run-timeout
2026-06-13T09:04:21Z	qwen3-coder-30b	2	facebook__zstd-3942	run-timeout
2026-06-13T09:04:21Z	qwen3-coder-30b	2	elastic__logstash-17021	run-timeout
2026-06-13T09:04:21Z	qwen3-coder-30b	2	tokio-rs__bytes-732	run-timeout
2026-06-13T09:04:21Z	qwen3-coder-30b	2	ponylang__ponyc-4593	run-timeout
# --- df022 qwen3-coder-30b-guarded cascade (maxCalls=64 maxRepeat=4) 2026-06-13T10:28:51Z ---
2026-06-13T11:03:59Z	qwen3-coder-30b-guarded	1	vuejs__core-11680	no-session
2026-06-13T13:18:00Z	qwen3-coder-30b-guarded	3	nushell__nushell-13870	no-session
2026-06-13T13:18:01Z	qwen3-coder-30b-guarded	3	facebook__zstd-3942	no-session
